,Organisation,PageLink
0,Parliamentary Committees of India,/wiki/Parliamentary_Committees_of_India
1,National Advisory Council,/wiki/National_Advisory_Council
2,Aircraft Accident Investigation Bureau (India),/wiki/Aircraft_Accident_Investigation_Bureau_(India)
3,Animal Welfare Board of India,/wiki/Animal_Welfare_Board_of_India
4,Ashok Mehta Committee,/wiki/Ashok_Mehta_Committee
5,Atomic Energy Commission of India,/wiki/Atomic_Energy_Commission_of_India
6,Atomic Energy Regulatory Board,/wiki/Atomic_Energy_Regulatory_Board
7,Balwant Rai Mehta Committee,/wiki/Balwant_Rai_Mehta_Committee
8,Banking Codes and Standards Board of India,/wiki/Banking_Codes_and_Standards_Board_of_India
9,Bhor Sagar Port Limited,/wiki/Bhor_Sagar_Port_Limited
10,Bhore Committee,/wiki/Bhore_Committee
11,Board for Industrial and Financial Reconstruction,/wiki/Board_for_Industrial_and_Financial_Reconstruction
12,Bureau of Civil Aviation Security,/wiki/Bureau_of_Civil_Aviation_Security
13,Bureau of Indian Standards,/wiki/Bureau_of_Indian_Standards
14,Bureau of Outreach and Communication,/wiki/Bureau_of_Outreach_and_Communication
15,Central Government Employees Welfare Housing Organisation,/wiki/Central_Government_Employees_Welfare_Housing_Organisation
16,Central Information Commission,/wiki/Central_Information_Commission
17,Central Organisation for Railway Electrification,/wiki/Central_Organisation_for_Railway_Electrification
18,Central Pollution Control Board,/wiki/Central_Pollution_Control_Board
19,Central Tibetan School Administration,/wiki/Central_Tibetan_School_Administration
20,"Centre for Studies in Social Sciences, Calcutta","/wiki/Centre_for_Studies_in_Social_Sciences,_Calcutta"
21,Chief Commissioner for Persons with Disabilities,/wiki/Chief_Commissioner_for_Persons_with_Disabilities
22,Coconut Development Board,/wiki/Coconut_Development_Board
23,Coffee Board of India,/wiki/Coffee_Board_of_India
24,Coir Board of India,/wiki/Coir_Board_of_India
25,Indian Council for Cultural Relations,/wiki/Indian_Council_for_Cultural_Relations
26,Custodian for Enemy Property for India,/wiki/Custodian_for_Enemy_Property_for_India
27,"Customs, Excise and Service Tax Appellate Tribunal","/wiki/Customs,_Excise_and_Service_Tax_Appellate_Tribunal"
28,Dandakaranya Project,/wiki/Dandakaranya_Project
29,Defence Research and Development Organisation,/wiki/Defence_Research_and_Development_Organisation
30,Department of Industrial Policy and Promotion,/wiki/Department_of_Industrial_Policy_and_Promotion
31,National Development Council (India),/wiki/National_Development_Council_(India)
32,Directorate General of Civil Aviation (India),/wiki/Directorate_General_of_Civil_Aviation_(India)
33,Directorate of Advertising and Visual Publicity,/wiki/Directorate_of_Advertising_and_Visual_Publicity
34,Directorate of Film Festivals,/wiki/Directorate_of_Film_Festivals
35,"Directorate of Technical Education, Maharashtra","/wiki/Directorate_of_Technical_Education,_Maharashtra"
36,Economic Advisory Council,/wiki/Economic_Advisory_Council
37,Employees' Provident Fund Organisation,/wiki/Employees%27_Provident_Fund_Organisation
38,Films Division of India,/wiki/Films_Division_of_India
39,Financial Stability and Development Council,/wiki/Financial_Stability_and_Development_Council
40,Food Safety and Standards Authority of India,/wiki/Food_Safety_and_Standards_Authority_of_India
41,Advanced Research Centre for Bamboo and Rattan,/wiki/Advanced_Research_Centre_for_Bamboo_and_Rattan
42,Institute of Wood Science and Technology,/wiki/Institute_of_Wood_Science_and_Technology
43,Forward Markets Commission,/wiki/Forward_Markets_Commission
44,India Trade Promotion Organisation,/wiki/India_Trade_Promotion_Organisation
45,Indian Computer Emergency Response Team,/wiki/Indian_Computer_Emergency_Response_Team
46,Indian Institute of Public Administration,/wiki/Indian_Institute_of_Public_Administration
47,Indian Institute of Surveying &amp; Mapping,/wiki/Indian_Institute_of_Surveying_%26_Mapping
48,Indian Space Research Organisation,/wiki/Indian_Space_Research_Organisation
49,National Innovation Council (India),/wiki/National_Innovation_Council_(India)
50,Insolvency and Bankruptcy Board of India,/wiki/Insolvency_and_Bankruptcy_Board_of_India
51,Institute of Secretariat Training and Management,/wiki/Institute_of_Secretariat_Training_and_Management
52,National Integration Council,/wiki/National_Integration_Council
53,Jawaharlal Nehru National Urban Renewal Mission,/wiki/Jawaharlal_Nehru_National_Urban_Renewal_Mission
54,Joint Seat Allocation Authority,/wiki/Joint_Seat_Allocation_Authority
55,Kelkar committee on PPP in India,/wiki/Kelkar_committee_on_PPP_in_India
56,Khadi and Village Industries Commission,/wiki/Khadi_and_Village_Industries_Commission
57,Law Commission of India,/wiki/Law_Commission_of_India
58,Mudgal Committee,/wiki/Mudgal_Committee
59,Nagaland State Disaster Management Authority,/wiki/Nagaland_State_Disaster_Management_Authority
60,Narasimham Committee on Banking Sector Reforms,/wiki/Narasimham_Committee_on_Banking_Sector_Reforms
61,National Accreditation Board for Testing and Calibration Laboratories,/wiki/National_Accreditation_Board_for_Testing_and_Calibration_Laboratories
62,National Biodiversity Authority,/wiki/National_Biodiversity_Authority
63,National Buildings Organisation,/wiki/National_Buildings_Organisation
64,National Commission on Population,/wiki/National_Commission_on_Population
65,National Cooperative Development Corporation (India),/wiki/National_Cooperative_Development_Corporation_(India)
66,National Council of Intra-Indian Relations,/wiki/National_Council_of_Intra-Indian_Relations
67,National Disaster Management Authority (India),/wiki/National_Disaster_Management_Authority_(India)
68,National Disaster Response Force,/wiki/National_Disaster_Response_Force
69,National Foundation for Teachers' Welfare,/wiki/National_Foundation_for_Teachers%27_Welfare
70,National Ganga River Basin Authority,/wiki/National_Ganga_River_Basin_Authority
71,National Institute of Criminology and Forensic Science,/wiki/National_Institute_of_Criminology_and_Forensic_Science
72,National Institute of Disaster Management,/wiki/National_Institute_of_Disaster_Management
73,National Institute of Public Cooperation and Child Development,/wiki/National_Institute_of_Public_Cooperation_and_Child_Development
74,National Investigation Agency,/wiki/National_Investigation_Agency
75,National Judicial Academy (India),/wiki/National_Judicial_Academy_(India)
76,National Mission for Manuscripts,/wiki/National_Mission_for_Manuscripts
77,National Safety Council (India),/wiki/National_Safety_Council_(India)
78,National Shipping Board,/wiki/National_Shipping_Board
79,National Skill Development Agency,/wiki/National_Skill_Development_Agency
80,National Tiger Conservation Authority,/wiki/National_Tiger_Conservation_Authority
81,National Waqf Development Corporation Limited,/wiki/National_Waqf_Development_Corporation_Limited
82,NITI Aayog,/wiki/NITI_Aayog
83,Niyogi Committee Report on Christian Missionary Activities,/wiki/Niyogi_Committee_Report_on_Christian_Missionary_Activities
84,North Eastern Council,/wiki/North_Eastern_Council
85,Passenger Amenities Committee,/wiki/Passenger_Amenities_Committee
86,List of Passport Offices in India,/wiki/List_of_Passport_Offices_in_India
87,Petroleum and Explosives Safety Organisation,/wiki/Petroleum_and_Explosives_Safety_Organisation
88,Press Information Bureau,/wiki/Press_Information_Bureau
89,Regional Transport Office,/wiki/Regional_Transport_Office
90,Registrar General and Census Commissioner of India,/wiki/Registrar_General_and_Census_Commissioner_of_India
91,"Registrar of Companies, India","/wiki/Registrar_of_Companies,_India"
92,Registrar of Copyrights (India),/wiki/Registrar_of_Copyrights_(India)
93,Rowlatt Committee,/wiki/Rowlatt_Committee
94,Sachar Committee,/wiki/Sachar_Committee
95,Securities and Exchange Board of India,/wiki/Securities_and_Exchange_Board_of_India
96,National Media Analytics Centre,/wiki/National_Media_Analytics_Centre
97,National Security Council (India),/wiki/National_Security_Council_(India)
98,Shah_Nawaz_Committee,/wiki/Death_of_Subhas_Chandra_Bose#Shah_Nawaz_Committee_1956
99,Indian Council of Social Science Research,/wiki/Indian_Council_of_Social_Science_Research
100,Software Technology Parks of India,/wiki/Software_Technology_Parks_of_India
101,Srikrishna Committee on Telangana,/wiki/Srikrishna_Committee_on_Telangana
102,Survey of India,/wiki/Survey_of_India
103,Technology Development Board,/wiki/Technology_Development_Board
104,Telecom Disputes Settlement and Appellate Tribunal,/wiki/Telecom_Disputes_Settlement_and_Appellate_Tribunal
105,Telecom Regulatory Authority of India,/wiki/Telecom_Regulatory_Authority_of_India
106,Telecommunications Consultants India,/wiki/Telecommunications_Consultants_India
107,V. V. Giri National Labour Institute,/wiki/V._V._Giri_National_Labour_Institute
108,Vadodara Innovation Council,/wiki/Vadodara_Innovation_Council
109,Veterinary Council of India,/wiki/Veterinary_Council_of_India
110,Central Wakf Council,/wiki/Central_Wakf_Council
111,West Bengal Judicial Academy,/wiki/West_Bengal_Judicial_Academy
112,West Bengal Minority Development and Finance Corporation,/wiki/West_Bengal_Minority_Development_and_Finance_Corporation